,box_precision,box_recall
0,0.202191147747614,0.12617090214836696
