image_path,xmin,ymin,xmax,ymax,scores,label
2018_SJER_3_252000_4107000_image_477.tif,313.02652,208.67921,394.21036,283.95688,0.61497575,0
2018_SJER_3_252000_4107000_image_477.tif,131.90758,71.16213,180.8946,125.354,0.5336385,0
2018_SJER_3_252000_4107000_image_477.tif,3.8083,105.00237,104.63216,214.8396,0.5330152,0
2018_SJER_3_252000_4107000_image_477.tif,107.22086,172.13297,208.0163,271.81967,0.471223,0
2018_SJER_3_252000_4107000_image_477.tif,301.15378,321.73984,389.87064,393.4257,0.36962312,0
2018_SJER_3_252000_4107000_image_477.tif,186.47333,100.393036,240.11789,156.4899,0.3684483,0
2018_SJER_3_252000_4107000_image_477.tif,2.2587814,64.3636,58.41651,139.63036,0.21765831,0