image_path,label,score,geometry
2019_BLAN_3_751000_4330000_image_crop.jpg,Tree,0.9628145098686218,"POLYGON ((788 714.5, 775 714.5, 769 713.5, 764 710.5, 758 710.5, 748 703.5, 742 702.5, 736.5 695, 738.5 692, 741.5 660, 745.5 649, 744.5 642, 748 638.5, 756 638.5, 754.5 633, 759 630.5, 766 632.5, 770 629.5, 774 632.5, 787 634.5, 798 639.5, 803.5 652, 809.5 659, 817.5 675, 817.5 680, 813.5 684, 813.5 688, 810.5 691, 810.5 698, 807.5 701, 806.5 706, 801 707.5, 798 710.5, 794 710.5, 788 714.5))"
2019_BLAN_3_751000_4330000_image_crop.jpg,Tree,0.9661091566085815,"POLYGON ((617 603.5, 595 603.5, 592 600.5, 583 599.5, 577 596.5, 565.5 587, 560.5 570, 558.5 568, 562.5 524, 565 521.5, 574 518.5, 595 517.5, 607 518.5, 609 520.5, 614 519.5, 616 521.5, 620 518.5, 624 520.5, 632 517.5, 635 518.5, 642.5 527, 646.5 539, 646.5 556, 649.5 565, 647.5 578, 644.5 584, 632 596.5, 627 600.5, 621 600.5, 617 603.5))"
2019_BLAN_3_751000_4330000_image_crop.jpg,Tree,0.9735667705535889,"POLYGON ((478 511.5, 457 511.5, 446 501.5, 434 500.5, 432 497.5, 425 496.5, 419.5 493, 418.5 489, 415.5 486, 412.5 467, 415.5 457, 425.5 450, 426.5 441, 430 437.5, 441 436.5, 445 433.5, 453 433.5, 455 430.5, 461 429.5, 465 426.5, 474 426.5, 486.5 438, 486.5 442, 500.5 456, 504.5 463, 507.5 474, 505.5 477, 504.5 488, 497.5 496, 496 500.5, 487 507.5, 478 511.5))"
2019_BLAN_3_751000_4330000_image_crop.jpg,Tree,0.9734440445899963,"POLYGON ((492 433.5, 481 433.5, 474 426.5, 453 426.5, 440.5 414, 438.5 407, 440.5 395, 450.5 381, 451.5 375, 457 370.5, 460 369.5, 465 372.5, 468 372.5, 472 369.5, 485 369.5, 499 379.5, 503.5 381, 504.5 386, 507.5 389, 507.5 407, 504.5 410, 504.5 413, 500.5 417, 496.5 427, 492 433.5))"
