image_path,x,y,label,score,geometry
2019_BLAN_3_751000_4330000_image_crop.jpg,775.6542532340259,674.0537044296354,Tree,0.9628145098686218,POINT (775.6542532340259 674.0537044296354)
2019_BLAN_3_751000_4330000_image_crop.jpg,603.6529901589705,558.846631339894,Tree,0.9661091566085815,POINT (603.6529901589705 558.846631339894)
2019_BLAN_3_751000_4330000_image_crop.jpg,460.6390420399724,470.61922811853896,Tree,0.9735667705535889,POINT (460.6390420399724 470.61922811853896)
2019_BLAN_3_751000_4330000_image_crop.jpg,474.243938940437,400.47829991020654,Tree,0.9734440445899963,POINT (474.243938940437 400.47829991020654)
