image_path,xmin,ymin,xmax,ymax,label,score,geometry
2019_BLAN_3_751000_4330000_image_crop.jpg,737.0,630.0,817.0,714.0,Tree,0.9628145098686218,"POLYGON ((817 630, 817 714, 737 714, 737 630, 817 630))"
2019_BLAN_3_751000_4330000_image_crop.jpg,559.0,518.0,649.0,603.0,Tree,0.9661091566085815,"POLYGON ((649 518, 649 603, 559 603, 559 518, 649 518))"
2019_BLAN_3_751000_4330000_image_crop.jpg,413.0,427.0,507.0,511.0,Tree,0.9735667705535889,"POLYGON ((507 427, 507 511, 413 511, 413 427, 507 427))"
2019_BLAN_3_751000_4330000_image_crop.jpg,439.0,370.0,507.0,433.0,Tree,0.9734440445899963,"POLYGON ((507 370, 507 433, 439 433, 439 370, 507 370))"
