,Model,Stem Recall,mAP
0,resnet50_01,0.8108108108108109,0.203
1,resnet50_02,0.7747747747747747,0.239
2,resnet50_03,0.7567567567567568,0.282
