,Model,Stem Recall,mAP
0,resnet50_01,0.7567567567567568,0.476
1,resnet50_02,0.7297297297297297,0.5
2,resnet50_03,0.7927927927927928,0.528
3,resnet50_04,0.7297297297297297,0.493
4,resnet50_05,0.7747747747747747,0.507
5,resnet50_06,0.8288288288288288,0.522
6,resnet50_07,0.7657657657657657,0.491
7,resnet50_08,0.7837837837837838,0.525
8,resnet50_09,0.7657657657657657,0.526
9,resnet50_10,0.7477477477477478,0.492
