,Evaluation Site,Pretraining Site,Stem Recall,mAP
0,['SJER'],SJER,0.7747747747747747,0.519
1,['TEAK'],SJER,0.5625744934445769,0.34
2,"['SJER', 'TEAK']",SJER,0.5726315789473684,0.351
3,['SJER'],TEAK,0.7657657657657657,0.525
4,['TEAK'],TEAK,0.5816448152562574,0.458
5,"['SJER', 'TEAK']",TEAK,0.5589473684210526,0.415
6,['SJER'],All,0.7387387387387387,0.529
7,['TEAK'],All,0.5971394517282479,0.47
8,"['SJER', 'TEAK']",All,0.5968421052631578,0.449
