,Evaluation Site,Pretraining Site,Stem Recall,mAP
0,TEAK,SJER,0.3563766388557807,0.12546670796901888
1,SJER,SJER,0.7747747747747747,0.27091619886086765
2,TEAK,TEAK,0.7163289630512515,0.10112839885569966
3,SJER,TEAK,0.8468468468468469,0.1474645132036545
