,Evaluation Site,Pretraining Site,Stem Recall,mAP
0,['SJER'],SJER,0.7027027027027027,0.468
1,['TEAK'],SJER,0.5494636471990465,0.372
2,"['SJER', 'TEAK']",SJER,0.5568421052631579,0.328
3,['SJER'],TEAK,0.7747747747747747,0.457
4,['TEAK'],TEAK,0.5947556615017878,0.439
5,"['SJER', 'TEAK']",TEAK,0.5936842105263158,0.401
6,['SJER'],All,0.7927927927927928,0.501
7,['TEAK'],All,0.5971394517282479,0.472
8,"['SJER', 'TEAK']",All,0.6105263157894737,0.421
